Device_id,Model ID,Task ID,Stream ID,Op Name,OP Type,OP State,Task Type,Task Start Time(us),Task Duration(us),Task Wait Time(us),Block Num,Mix Block Num,HF32 Eligible,Input Shapes,Input Data Types,Input Formats,Output Shapes,Output Data Types,Output Formats,Context ID,aicore_time(us),aic_total_cycles,aic_mac_time(us),aic_mac_ratio,aic_scalar_time(us),aic_scalar_ratio,aic_mte1_time(us),aic_mte1_ratio,aic_mte2_time(us),aic_mte2_ratio,aic_fixpipe_time(us),aic_fixpipe_ratio,aic_icache_miss_rate,aiv_time(us),aiv_total_cycles,aiv_vec_time(us),aiv_vec_ratio,aiv_scalar_time(us),aiv_scalar_ratio,aiv_mte2_time(us),aiv_mte2_ratio,aiv_mte3_time(us),aiv_mte3_ratio,aiv_icache_miss_rate,cube_utilization(%)
2,4294967295,4,49,preload_stack_16KB,preload_stack_16KB,N/A,MIX_AIC,1783586338601781.224	,10.440,0,0,0,N/A,N/A,N/A,N/A,N/A,N/A,N/A,0,0.0,198924,0.0,0.0,0.0,0.055,0.0,0.0,0.0,0.0,0.0,0.0,0.313,0.0,0,0.0,0.0,0.0,0.0,0.0,0.0,0.0,0.0,0.0,52.928
2,4294967295,0,46,aclnnSub_SubAiCore_Sub,Sub,dynamic,AI_VECTOR_CORE,1783586338747767.961	,3.180,145976.310000,1,0,NO,"""4;4""",INT64;INT64,ND;ND,"""4""",INT64,ND,N/A,0.0,0,0.0,0.0,0.0,0.0,0.0,0.0,0.0,0.0,0.0,0.0,0.0,2.726,4906,0.2,0.073,1.006,0.369,0.707,0.259,0.091,0.033,0.239,0.000
2,4294967295,1,46,aclnnInplaceCopy_CastAiCore_Cast,Cast,dynamic,AI_VECTOR_CORE,1783586338756042.626	,2.140,8271.570000,1,0,NO,"""4""",INT64,ND,"""4""",FLOAT,ND,N/A,0.0,0,0.0,0.0,0.0,0.0,0.0,0.0,0.0,0.0,0.0,0.0,0.0,1.636,2945,0.026,0.016,0.766,0.468,0.444,0.271,0.09,0.055,0.18,0.000
2,4294967295,2,46,aclnnMean_ReduceMeanAiCore_ReduceMean,ReduceMean,dynamic,MIX_AIV,1783586338786124.247	,3.720,30079.360000,1,0,NO,"""4;1""",FLOAT;INT64,ND;ND,"""""",FLOAT,ND,0,0.0,0,0.0,0.0,0.0,0.0,0.0,0.0,0.0,0.0,0.0,0.0,0.0,3.348,6027,0.054,0.016,1.626,0.486,0.096,0.029,0.091,0.027,0.211,0.000
2,4294967295,3,46,aclnnMin_ReduceMinAiCore_ReduceMin,ReduceMin,dynamic,MIX_AIV,1783586338804981.884	,2.960,18854.030000,1,0,NO,"""4;1""",INT64;INT64,ND;ND,"""""",INT64,ND,0,0.0,0,0.0,0.0,0.0,0.0,0.0,0.0,0.0,0.0,0.0,0.0,0.0,2.577,4638,0.061,0.024,1.178,0.457,0.451,0.175,0.113,0.044,0.164,0.000
2,4294967295,4,46,aclnnMax_ReduceMaxAiCore_ReduceMax,ReduceMax,dynamic,MIX_AIV,1783586338822238.848	,3.021,17253.790000,1,0,NO,"""4;1""",INT64;INT64,ND;ND,"""""",INT64,ND,0,0.0,0,0.0,0.0,0.0,0.0,0.0,0.0,0.0,0.0,0.0,0.0,0.0,2.629,4733,0.061,0.023,0.973,0.37,0.104,0.04,0.113,0.043,0.196,0.000
2,4294967295,6,46,aclnnInplaceNormal_DSARandomNormal_DSARandomNormal,DSARandomNormal,dynamic,DSA_SQE,1783586338824172.867	,1583.112,1930.979000,0,0,NO,N/A,N/A,N/A,"""1,32,4087,128""",FLOAT,ND,N/A,N/A,N/A,N/A,N/A,N/A,N/A,N/A,N/A,N/A,N/A,N/A,N/A,N/A,N/A,N/A,N/A,N/A,N/A,N/A,N/A,N/A,N/A,N/A,N/A,N/A
2,4294967295,7,46,aclnnInplaceNormal_CastAiCore_Cast,Cast,dynamic,AI_VECTOR_CORE,1783586338825755.999	,51.061,0.138000,40,0,NO,"""1,32,4087,128""",FLOAT,ND,"""1,32,4087,128""",DT_BF16,ND,N/A,0.0,0,0.0,0.0,0.0,0.0,0.0,0.0,0.0,0.0,0.0,0.0,0.0,47.993,3455470,5.013,0.104,1.784,0.037,44.118,0.919,15.396,0.321,0.016,0.000
2,4294967295,9,46,aclnnInplaceNormal_DSARandomNormal_DSARandomNormal,DSARandomNormal,dynamic,DSA_SQE,1783586338825809.440	,1582.111,2.439000,0,0,NO,N/A,N/A,N/A,"""1,32,4087,128""",FLOAT,ND,N/A,N/A,N/A,N/A,N/A,N/A,N/A,N/A,N/A,N/A,N/A,N/A,N/A,N/A,N/A,N/A,N/A,N/A,N/A,N/A,N/A,N/A,N/A,N/A,N/A,N/A
2,4294967295,10,46,aclnnInplaceNormal_CastAiCore_Cast,Cast,dynamic,AI_VECTOR_CORE,1783586338827391.591	,50.661,0.000000,40,0,NO,"""1,32,4087,128""",FLOAT,ND,"""1,32,4087,128""",DT_BF16,ND,N/A,0.0,0,0.0,0.0,0.0,0.0,0.0,0.0,0.0,0.0,0.0,0.0,0.0,42.431,3055046,5.006,0.118,1.505,0.035,41.306,0.973,12.99,0.306,0.0,0.000
2,4294967295,12,46,aclnnInplaceNormal_DSARandomNormal_DSARandomNormal,DSARandomNormal,dynamic,DSA_SQE,1783586338827444.612	,1578.372,2.339000,0,0,NO,N/A,N/A,N/A,"""1,32,4087,128""",FLOAT,ND,N/A,N/A,N/A,N/A,N/A,N/A,N/A,N/A,N/A,N/A,N/A,N/A,N/A,N/A,N/A,N/A,N/A,N/A,N/A,N/A,N/A,N/A,N/A,N/A,N/A,N/A
2,4294967295,13,46,aclnnInplaceNormal_CastAiCore_Cast,Cast,dynamic,AI_VECTOR_CORE,1783586338829023.004	,50.581,0.128000,40,0,NO,"""1,32,4087,128""",FLOAT,ND,"""1,32,4087,128""",DT_BF16,ND,N/A,0.0,0,0.0,0.0,0.0,0.0,0.0,0.0,0.0,0.0,0.0,0.0,0.0,42.194,3037961,5.006,0.119,1.63,0.039,40.948,0.97,13.817,0.327,0.0,0.000
2,4294967295,15,46,aclnnInplaceUniform_DSARandomUniform_DSARandomUniform,DSARandomUniform,dynamic,DSA_SQE,1783586338829076.205	,9.400,2.669000,0,0,NO,N/A,N/A,N/A,"""1,4087,32""",DT_BF16,ND,N/A,N/A,N/A,N/A,N/A,N/A,N/A,N/A,N/A,N/A,N/A,N/A,N/A,N/A,N/A,N/A,N/A,N/A,N/A,N/A,N/A,N/A,N/A,N/A,N/A,N/A
2,4294967295,16,46,aclnnSigmoid_SigmoidAiCore_Sigmoid,Sigmoid,dynamic,AI_VECTOR_CORE,1783586338829085.625	,8.500,0.000000,40,0,NO,"""1,4087,32""",DT_BF16,NCL,"""1,4087,32""",DT_BF16,ND,N/A,0.0,0,0.0,0.0,0.0,0.0,0.0,0.0,0.0,0.0,0.0,0.0,0.0,5.479,394457,0.313,0.057,0.184,0.034,1.165,0.213,0.185,0.034,0.196,0.000
2,4294967295,18,46,aclnnInplaceNormal_DSARandomNormal_DSARandomNormal,DSARandomNormal,dynamic,DSA_SQE,1783586338829096.485	,13.481,2.500000,0,0,NO,N/A,N/A,N/A,"""1,4087,32""",FLOAT,ND,N/A,N/A,N/A,N/A,N/A,N/A,N/A,N/A,N/A,N/A,N/A,N/A,N/A,N/A,N/A,N/A,N/A,N/A,N/A,N/A,N/A,N/A,N/A,N/A,N/A,N/A
2,4294967295,19,46,aclnnInplaceNormal_CastAiCore_Cast,Cast,dynamic,AI_VECTOR_CORE,1783586338829109.986	,8.240,0.019000,40,0,NO,"""1,4087,32""",FLOAT,ND,"""1,4087,32""",DT_BF16,ND,N/A,0.0,0,0.0,0.0,0.0,0.0,0.0,0.0,0.0,0.0,0.0,0.0,0.0,5.484,394822,0.051,0.009,0.181,0.033,1.659,0.302,0.18,0.033,0.124,0.000
2,4294967295,20,46,aclnnLogSigmoidForward_LogSigmoidAiCore_LogSigmoid,LogSigmoid,dynamic,AI_VECTOR_CORE,1783586338830015.764	,10.900,897.510000,40,0,NO,"""1,4087,32""",DT_BF16,NCL,"""1,4087,32""",DT_BF16,ND,N/A,0.0,0,0.0,0.0,0.0,0.0,0.0,0.0,0.0,0.0,0.0,0.0,0.0,7.691,553744,2.079,0.27,0.706,0.092,0.79,0.103,0.289,0.038,0.097,0.000
2,4294967295,21,46,aclnnSub_SubAiCore_Sub,Sub,dynamic,AI_VECTOR_CORE,1783586338830724.018	,1.760,697.350000,1,0,NO,"""4;4""",INT64;INT64,ND;ND,"""4""",INT64,ND,N/A,0.0,0,0.0,0.0,0.0,0.0,0.0,0.0,0.0,0.0,0.0,0.0,0.0,1.261,2269,0.2,0.159,0.371,0.294,0.179,0.142,0.132,0.104,0.189,0.000
2,4294967295,22,46,aclnnAdds_AddAiCore_Add,Add,dynamic,AI_VECTOR_CORE,1783586338836482.393	,3.180,5756.740000,1,0,NO,"""4;""",INT64;INT64,ND;ND,"""4""",INT64,ND,N/A,0.0,0,0.0,0.0,0.0,0.0,0.0,0.0,0.0,0.0,0.0,0.0,0.0,2.673,4812,0.312,0.117,0.5,0.187,0.386,0.144,0.139,0.052,0.217,0.000
2,4294967295,23,46,aclnnSubs_SubAiCore_Sub,Sub,dynamic,AI_VECTOR_CORE,1783586338836642.236	,3.180,156.570000,1,0,NO,"""4;""",INT64;INT64,ND;ND,"""4""",INT64,ND,N/A,0.0,0,0.0,0.0,0.0,0.0,0.0,0.0,0.0,0.0,0.0,0.0,0.0,2.664,4796,0.304,0.114,0.458,0.172,0.365,0.137,0.102,0.038,0.207,0.000
2,4294967295,24,46,aclnnFloorDivides_FloorDivAiCore_FloorDiv,FloorDiv,dynamic,AI_VECTOR_CORE,1783586338839804.599	,2.100,3159.070000,1,0,NO,"""4;""",INT64;INT64,ND;ND,"""4""",INT64,ND,N/A,0.0,0,0.0,0.0,0.0,0.0,0.0,0.0,0.0,0.0,0.0,0.0,0.0,1.572,2829,0.049,0.031,0.469,0.299,0.209,0.133,0.134,0.086,0.197,0.000
2,4294967295,25,46,aclnnSub_SubAiCore_Sub,Sub,dynamic,AI_VECTOR_CORE,1783586338840881.781	,1.860,1075.150000,1,0,NO,"""4;4""",INT64;INT64,ND;ND,"""4""",INT64,ND,N/A,0.0,0,0.0,0.0,0.0,0.0,0.0,0.0,0.0,0.0,0.0,0.0,0.0,1.304,2348,0.2,0.153,0.383,0.294,0.215,0.165,0.101,0.077,0.189,0.000
2,4294967295,26,46,aclnnAdds_AddAiCore_Add,Add,dynamic,AI_VECTOR_CORE,1783586338841013.844	,2.680,130.140000,1,0,NO,"""4;""",INT64;INT64,ND;ND,"""4""",INT64,ND,N/A,0.0,0,0.0,0.0,0.0,0.0,0.0,0.0,0.0,0.0,0.0,0.0,0.0,2.148,3867,0.304,0.142,0.482,0.224,0.523,0.244,0.134,0.062,0.2,0.000
2,4294967295,27,46,aclnnSubs_SubAiCore_Sub,Sub,dynamic,AI_VECTOR_CORE,1783586338841046.464	,2.640,30.070000,1,0,NO,"""4;""",INT64;INT64,ND;ND,"""4""",INT64,ND,N/A,0.0,0,0.0,0.0,0.0,0.0,0.0,0.0,0.0,0.0,0.0,0.0,0.0,2.067,3720,0.304,0.147,0.596,0.288,0.408,0.197,0.132,0.064,0.195,0.000
2,4294967295,28,46,aclnnFloorDivides_FloorDivAiCore_FloorDiv,FloorDiv,dynamic,AI_VECTOR_CORE,1783586338841135.946	,1.760,86.860000,1,0,NO,"""4;""",INT64;INT64,ND;ND,"""4""",INT64,ND,N/A,0.0,0,0.0,0.0,0.0,0.0,0.0,0.0,0.0,0.0,0.0,0.0,0.0,1.21,2178,0.049,0.041,0.449,0.371,0.204,0.169,0.139,0.115,0.197,0.000
2,4294967295,29,46,aclnnSub_SubAiCore_Sub,Sub,dynamic,AI_VECTOR_CORE,1783586338841578.735	,1.780,440.990000,1,0,NO,"""4;4""",INT64;INT64,ND;ND,"""4""",INT64,ND,N/A,0.0,0,0.0,0.0,0.0,0.0,0.0,0.0,0.0,0.0,0.0,0.0,0.0,1.309,2357,0.2,0.153,0.389,0.297,0.193,0.147,0.138,0.106,0.189,0.000
2,4294967295,30,46,aclnnAdds_AddAiCore_Add,Add,dynamic,AI_VECTOR_CORE,1783586338841681.577	,2.520,100.970000,1,0,NO,"""4;""",INT64;INT64,ND;ND,"""4""",INT64,ND,N/A,0.0,0,0.0,0.0,0.0,0.0,0.0,0.0,0.0,0.0,0.0,0.0,0.0,2.022,3639,0.305,0.151,0.495,0.245,0.378,0.187,0.146,0.072,0.2,0.000
2,4294967295,31,46,aclnnSubs_SubAiCore_Sub,Sub,dynamic,AI_VECTOR_CORE,1783586338841705.337	,2.380,21.230000,1,0,NO,"""4;""",INT64;INT64,ND;ND,"""4""",INT64,ND,N/A,0.0,0,0.0,0.0,0.0,0.0,0.0,0.0,0.0,0.0,0.0,0.0,0.0,1.88,3384,0.305,0.162,0.555,0.295,0.369,0.197,0.091,0.048,0.2,0.000
2,4294967295,32,46,aclnnFloorDivides_FloorDivAiCore_FloorDiv,FloorDiv,dynamic,AI_VECTOR_CORE,1783586338841783.519	,1.700,75.870000,1,0,NO,"""4;""",INT64;INT64,ND;ND,"""4""",INT64,ND,N/A,0.0,0,0.0,0.0,0.0,0.0,0.0,0.0,0.0,0.0,0.0,0.0,0.0,1.191,2144,0.049,0.042,0.424,0.356,0.159,0.134,0.14,0.118,0.197,0.000
2,4294967295,33,46,aclnnSub_SubAiCore_Sub,Sub,dynamic,AI_VECTOR_CORE,1783586338842178.147	,1.820,393.050000,1,0,NO,"""4;4""",INT64;INT64,ND;ND,"""4""",INT64,ND,N/A,0.0,0,0.0,0.0,0.0,0.0,0.0,0.0,0.0,0.0,0.0,0.0,0.0,1.273,2292,0.2,0.157,0.37,0.291,0.208,0.164,0.097,0.076,0.181,0.000
2,4294967295,34,46,aclnnAdds_AddAiCore_Add,Add,dynamic,AI_VECTOR_CORE,1783586338842277.229	,2.520,97.180000,1,0,NO,"""4;""",INT64;INT64,ND;ND,"""4""",INT64,ND,N/A,0.0,0,0.0,0.0,0.0,0.0,0.0,0.0,0.0,0.0,0.0,0.0,0.0,1.977,3559,0.305,0.154,0.502,0.254,0.381,0.192,0.094,0.048,0.197,0.000
2,4294967295,35,46,aclnnSubs_SubAiCore_Sub,Sub,dynamic,AI_VECTOR_CORE,1783586338842299.229	,2.540,19.480000,1,0,NO,"""4;""",INT64;INT64,ND;ND,"""4""",INT64,ND,N/A,0.0,0,0.0,0.0,0.0,0.0,0.0,0.0,0.0,0.0,0.0,0.0,0.0,1.987,3577,0.304,0.153,0.602,0.303,0.361,0.181,0.091,0.046,0.195,0.000
2,4294967295,36,46,aclnnFloorDivides_FloorDivAiCore_FloorDiv,FloorDiv,dynamic,AI_VECTOR_CORE,1783586338842375.391	,1.720,73.710000,1,0,NO,"""4;""",INT64;INT64,ND;ND,"""4""",INT64,ND,N/A,0.0,0,0.0,0.0,0.0,0.0,0.0,0.0,0.0,0.0,0.0,0.0,0.0,1.177,2118,0.049,0.042,0.441,0.375,0.194,0.165,0.096,0.082,0.197,0.000
2,4294967295,37,46,aclnnSub_SubAiCore_Sub,Sub,dynamic,AI_VECTOR_CORE,1783586338842755.238	,1.880,378.030000,1,0,NO,"""4;4""",INT64;INT64,ND;ND,"""4""",INT64,ND,N/A,0.0,0,0.0,0.0,0.0,0.0,0.0,0.0,0.0,0.0,0.0,0.0,0.0,1.309,2356,0.2,0.153,0.358,0.274,0.229,0.175,0.101,0.077,0.181,0.000
2,4294967295,38,46,aclnnAdds_AddAiCore_Add,Add,dynamic,AI_VECTOR_CORE,1783586338842870.721	,2.580,113.620000,1,0,NO,"""4;""",INT64;INT64,ND;ND,"""4""",INT64,ND,N/A,0.0,0,0.0,0.0,0.0,0.0,0.0,0.0,0.0,0.0,0.0,0.0,0.0,2.011,3620,0.304,0.151,0.512,0.255,0.402,0.2,0.091,0.045,0.197,0.000
2,4294967295,39,46,aclnnSubs_SubAiCore_Sub,Sub,dynamic,AI_VECTOR_CORE,1783586338842894.181	,2.600,20.920000,1,0,NO,"""4;""",INT64;INT64,ND;ND,"""4""",INT64,ND,N/A,0.0,0,0.0,0.0,0.0,0.0,0.0,0.0,0.0,0.0,0.0,0.0,0.0,2.006,3611,0.304,0.152,0.598,0.298,0.368,0.184,0.089,0.044,0.194,0.000
2,4294967295,40,46,aclnnFloorDivides_FloorDivAiCore_FloorDiv,FloorDiv,dynamic,AI_VECTOR_CORE,1783586338842951.142	,1.880,54.400000,1,0,NO,"""4;""",INT64;INT64,ND;ND,"""4""",INT64,ND,N/A,0.0,0,0.0,0.0,0.0,0.0,0.0,0.0,0.0,0.0,0.0,0.0,0.0,1.308,2354,0.049,0.038,0.569,0.435,0.181,0.138,0.098,0.075,0.197,0.000
2,4294967295,41,46,l2norm_fwd_kernel,l2norm_fwd_kernel,static,AI_VECTOR_CORE,1783586357642734.022	,175.883,18799780.870000,40,0,YES,"""130784,128""",DT_BF16,ND,"""130784,128;130784""",DT_BF16;FLOAT,ND;ND,N/A,0.0,0,0.0,0.0,0.0,0.0,0.0,0.0,0.0,0.0,0.0,0.0,0.0,75.547,5439367,65.426,0.866,20.493,0.271,18.797,0.249,25.909,0.343,0.002,0.000
2,4294967295,42,46,l2norm_fwd_kernel,l2norm_fwd_kernel,static,AI_VECTOR_CORE,1783586357643051.728	,102.502,141.867000,40,0,YES,"""130784,128""",DT_BF16,ND,"""130784,128;130784""",DT_BF16;FLOAT,ND;ND,N/A,0.0,0,0.0,0.0,0.0,0.0,0.0,0.0,0.0,0.0,0.0,0.0,0.0,76.785,5528523,65.448,0.852,21.185,0.276,27.865,0.363,35.297,0.46,0.0,0.000
2,4294967295,43,46,chunk_local_cumsum_scalar_kernel,chunk_local_cumsum_scalar_kernel,static,AI_VECTOR_CORE,1783586360057660.892	,13.380,2414506.748000,40,0,YES,"""1,4087,32;5;64,2""",DT_BF16;INT8;INT64,ND;ND;ND,"""1,4087,32""",FLOAT,ND,N/A,0.0,0,0.0,0.0,0.0,0.0,0.0,0.0,0.0,0.0,0.0,0.0,0.0,4.326,311500,1.641,0.379,1.305,0.302,0.418,0.097,0.383,0.089,0.018,0.000
2,4294967295,44,46,aclnnInplaceCopy_TransposeAiCore_Transpose,Transpose,dynamic,AI_VECTOR_CORE,1783586360061227.723	,15.101,3553.370000,40,0,NO,"""4087,32;2""",DT_BF16;INT64,NCL;ND,"""32,4087""",DT_BF16,NCL,N/A,0.0,0,0.0,0.0,0.0,0.0,0.0,0.0,0.0,0.0,0.0,0.0,0.0,10.863,782123,0.152,0.014,2.978,0.274,1.876,0.173,0.646,0.059,0.108,0.000
2,4294967295,45,46,aclnnInplaceCopy_TransposeAiCore_Transpose,Transpose,dynamic,AI_VECTOR_CORE,1783586360062443.028	,12.180,1200.149000,40,0,NO,"""4087,32;2""",FLOAT;INT64,NCL;ND,"""32,4087""",FLOAT,NCL,N/A,0.0,0,0.0,0.0,0.0,0.0,0.0,0.0,0.0,0.0,0.0,0.0,0.0,7.829,563691,0.202,0.026,1.674,0.214,1.966,0.251,0.763,0.097,0.134,0.000
2,4294967295,46,46,chunk_scaled_dot_kkt_fwd_kernel,chunk_scaled_dot_kkt_fwd_kernel,static,MIX_AIC,1783586360075434.187	,367.488,12979.070000,20,40,YES,"""1,32,4087,128;1,32,4087;1,32,4087;5""",DT_BF16;FLOAT;DT_BF16;INT64,ND;ND;ND;ND,"""1,4087,32,64""",FLOAT,ND,0,343.602,12369656,18.916,0.055,90.738,0.264,23.801,0.069,38.026,0.111,39.229,0.114,0.01,344.089,24774399,150.874,0.438,199.426,0.58,85.16,0.247,23.348,0.068,0.004,93.500
2,4294967295,47,46,aclnnInplaceZero_ZerosLikeAiCore_ZerosLike,ZerosLike,dynamic,AI_VECTOR_CORE,1783586360078227.863	,1.940,2426.012000,4,0,NO,"""1,64,1,64""",DT_BF16,NCHW,"""1,64,1,64""",DT_BF16,NCHW,N/A,0.0,0,0.0,0.0,0.0,0.0,0.0,0.0,0.0,0.0,0.0,0.0,0.0,1.197,8620,0.055,0.046,0.198,0.166,0.001,0.001,0.139,0.116,0.227,0.000
2,4294967295,48,46,solve_tril_16x16_kernel_paral_v3,solve_tril_16x16_kernel_paral_v3,static,AI_VECTOR_CORE,1783586360145516.888	,212.004,67287.310000,40,0,YES,"""1,4087,32,64;5;4,2""",FLOAT;INT64;INT64,ND;ND;ND,"""1,4087,32,16""",FLOAT,ND,N/A,0.0,0,0.0,0.0,0.0,0.0,0.0,0.0,0.0,0.0,0.0,0.0,0.0,204.972,14757949,156.44,0.763,57.351,0.28,37.428,0.183,18.507,0.09,0.002,0.000
2,4294967295,49,46,aclnnInplaceZero_ZerosLikeAiCore_ZerosLike,ZerosLike,dynamic,AI_VECTOR_CORE,1783586360146556.288	,15.921,827.246000,40,0,NO,"""1,4087,32,32""",FLOAT,NCHW,"""1,4087,32,32""",FLOAT,NCHW,N/A,0.0,0,0.0,0.0,0.0,0.0,0.0,0.0,0.0,0.0,0.0,0.0,0.0,13.488,971142,1.034,0.077,1.759,0.13,0.001,0.0,8.085,0.599,0.081,0.000
2,4294967295,50,46,merge_16x16_to_32x32_inverse_kernel,merge_16x16_to_32x32_inverse_kernel,static,MIX_AIC,1783586360155147.020	,233.645,8574.829000,20,40,YES,"""1,4087,32,64;1,4087,32,16;5;128,2""",FLOAT;FLOAT;INT64;INT64,ND;ND;ND;ND,"""1,4087,32,32""",FLOAT,ND,0,227.064,8174292,16.172,0.071,93.213,0.411,18.234,0.08,114.032,0.502,61.983,0.273,0.001,226.845,16332856,5.394,0.024,86.468,0.381,73.442,0.324,46.857,0.207,0.002,97.183
2,4294967295,51,46,aclnnInplaceZero_ZerosLikeAiCore_ZerosLike,ZerosLike,dynamic,AI_VECTOR_CORE,1783586360155381.765	,13.500,1.105000,40,0,NO,"""1,4087,32,64""",DT_BF16,NCHW,"""1,4087,32,64""",DT_BF16,NCHW,N/A,0.0,0,0.0,0.0,0.0,0.0,0.0,0.0,0.0,0.0,0.0,0.0,0.0,10.957,788898,4.589,0.419,0.812,0.074,0.001,0.0,6.159,0.562,0.032,0.000
2,4294967295,52,46,merge_32x32_to_64x64_inverse_kernel,merge_32x32_to_64x64_inverse_kernel,static,MIX_AIC,1783586360163751.392	,132.623,8356.250000,20,40,YES,"""1,4087,32,64;1,4087,32,32;5;64,2""",FLOAT;FLOAT;INT64;INT64,ND;ND;ND;ND,"""1,4087,32,64""",DT_BF16,ND,0,127.761,4599390,10.872,0.085,53.519,0.419,13.289,0.104,74.403,0.582,34.889,0.273,0.003,127.64,9190083,8.716,0.068,44.141,0.346,44.678,0.35,27.016,0.212,0.003,96.334
2,4294967295,53,46,aclnnInplaceCopy_TransposeAiCore_Transpose,Transpose,dynamic,AI_VECTOR_CORE,1783586360163884.815	,12.680,0.627000,40,0,NO,"""4087,32;2""",FLOAT;INT64,NCL;ND,"""32,4087""",FLOAT,NCL,N/A,0.0,0,0.0,0.0,0.0,0.0,0.0,0.0,0.0,0.0,0.0,0.0,0.0,9.499,683930,0.201,0.021,1.972,0.208,3.52,0.371,1.09,0.115,0.11,0.000
2,4294967295,54,46,aclnnInplaceCopy_TransposeAiCore_Transpose,Transpose,dynamic,AI_VECTOR_CORE,1783586360164020.697	,19.621,123.320000,40,0,NO,"""4087,32;2""",DT_BF16;INT64,NCL;ND,"""32,4087""",DT_BF16,NCL,N/A,0.0,0,0.0,0.0,0.0,0.0,0.0,0.0,0.0,0.0,0.0,0.0,0.0,15.385,1107727,0.152,0.01,4.769,0.31,6.014,0.391,0.58,0.038,0.1,0.000
2,4294967295,55,46,aclnnInplaceCopy_CastAiCore_Cast,Cast,dynamic,AI_VECTOR_CORE,1783586360164672.770	,8.540,632.379000,40,0,NO,"""1,32,4087""",DT_BF16,NCL,"""1,32,4087""",FLOAT,NCL,N/A,0.0,0,0.0,0.0,0.0,0.0,0.0,0.0,0.0,0.0,0.0,0.0,0.0,5.687,409433,0.051,0.009,0.175,0.031,0.862,0.152,0.825,0.145,0.198,0.000
2,4294967295,56,46,aclnnInplaceCopy_TransposeAiCore_Transpose,Transpose,dynamic,AI_VECTOR_CORE,1783586360164760.832	,38.021,79.460000,40,0,NO,"""4087,32,64;3""",DT_BF16;INT64,NCHW;ND,"""32,4087,64""",DT_BF16,NCHW,N/A,0.0,0,0.0,0.0,0.0,0.0,0.0,0.0,0.0,0.0,0.0,0.0,0.0,32.884,2367632,1.911,0.058,17.714,0.539,9.697,0.295,6.229,0.189,0.026,0.000
2,4294967295,57,46,aclnnRecomputeWUFwd_RecomputeWUFwd_RecomputeWUFwd,RecomputeWUFwd,dynamic,MIX_AIC,1783586360167226.881	,224.585,2428.229000,20,40,NO,"""1,32,4087,128;1,32,4087,128;1,32,4087;1,32,4087,64;1,32,4087;5;128""",DT_BF16;DT_BF16;FLOAT;DT_BF16;FLOAT;INT64;INT64,NCHW;NCHW;NCL;NCHW;NCL;ND;ND,"""16740352;16740352""",DT_BF16;DT_BF16,NCHW;NCHW,0,208.758,7515296,20.79,0.1,90.903,0.435,26.805,0.128,75.564,0.362,110.054,0.527,0.003,207.129,14913280,38.13,0.184,142.29,0.687,56.189,0.271,48.959,0.236,0.005,92.953
2,4294967295,58,46,aclnnInplaceZero_ZerosLikeAiCore_ZerosLike,ZerosLike,dynamic,AI_VECTOR_CORE,1783586360168040.818	,47.101,589.165000,40,0,NO,"""1,32,64,128,128""",DT_BF16,NCDHW,"""1,32,64,128,128""",DT_BF16,NCDHW,N/A,0.0,0,0.0,0.0,0.0,0.0,0.0,0.0,0.0,0.0,0.0,0.0,0.0,43.929,3162882,18.304,0.417,2.561,0.058,0.001,0.0,39.075,0.89,0.012,0.000
2,4294967295,59,46,aclnnChunkGatedDeltaRuleFwdH_ChunkGatedDeltaRuleFwdH_ChunkGatedDeltaRuleFwdH,ChunkGatedDeltaRuleFwdH,dynamic,MIX_AIC,1783586360170698.751	,361.267,2610.899000,20,40,NO,"""1,32,4087,128;1,32,4087,128;1,32,4087,128;1,32,4087;5;128""",DT_BF16;DT_BF16;DT_BF16;FLOAT;INT64;INT64,NCHW;NCHW;NCHW;NCL;ND;ND,"""33554432;16740352;1""",DT_BF16;DT_BF16;DT_BF16,NCDHW;NCHW;ND,0,311.796,11224667,35.161,0.113,249.964,0.802,41.14,0.132,89.133,0.286,157.697,0.506,0.005,311.534,22430457,85.571,0.275,218.833,0.702,108.219,0.347,63.41,0.204,0.008,86.306
2,4294967295,60,46,aclnnChunkFwdO_ChunkFwdO_ChunkFwdO,ChunkFwdO,dynamic,MIX_AIC,1783586360173143.980	,262.965,2083.983000,20,40,NO,"""1,32,4087,128;1,32,4087,128;1,32,4087,128;1,32,64,128,128;1,32,4087;5;128""",DT_BF16;DT_BF16;DT_BF16;DT_BF16;FLOAT;INT64;INT64,NCHW;NCHW;NCHW;NCDHW;NCL;ND;ND,"""16740352""",DT_BF16,NCHW,0,256.272,9225805,39.765,0.155,238.012,0.929,55.252,0.216,142.54,0.556,219.417,0.856,0.004,257.063,18508552,82.355,0.32,178.439,0.694,80.855,0.315,41.114,0.16,0.005,97.455
2,4294967295,61,46,aclnnInplaceCopy_TransposeAiCore_Transpose,Transpose,dynamic,AI_VECTOR_CORE,1783586360173407.985	,13.280,1.035000,40,0,NO,"""32,4087;2""",FLOAT;INT64,NCL;ND,"""4087,32""",FLOAT,NCL,N/A,0.0,0,0.0,0.0,0.0,0.0,0.0,0.0,0.0,0.0,0.0,0.0,0.0,9.384,675684,0.113,0.012,1.759,0.187,3.206,0.342,0.886,0.094,0.176,0.000
2,4294967295,62,46,aclnnInplaceCopy_TransposeAiCore_Transpose,Transpose,dynamic,AI_VECTOR_CORE,1783586360173421.285	,50.161,0.000000,40,0,NO,"""32,4087,128;3""",DT_BF16;INT64,NCHW;ND,"""4087,32,128""",DT_BF16,NCHW,N/A,0.0,0,0.0,0.0,0.0,0.0,0.0,0.0,0.0,0.0,0.0,0.0,0.0,40.777,2935967,1.989,0.049,25.613,0.628,13.645,0.335,12.233,0.3,0.015,0.000
2,4294967295,63,46,aclnnInplaceCopy_CastAiCore_Cast,Cast,dynamic,AI_VECTOR_CORE,1783586360173744.172	,26.820,272.839000,40,0,NO,"""1,4087,32,128""",DT_BF16,NCHW,"""1,4087,32,128""",FLOAT,NCHW,N/A,0.0,0,0.0,0.0,0.0,0.0,0.0,0.0,0.0,0.0,0.0,0.0,0.0,24.844,1788801,4.291,0.173,1.106,0.045,10.616,0.427,19.853,0.799,0.02,0.000
2,4294967295,64,46,aclnnIsFinite_IsFiniteAiCore_IsFinite,IsFinite,dynamic,AI_VECTOR_CORE,1783586360175374.904	,58.801,1603.930000,40,0,NO,"""1,4087,32,128""",FLOAT,NCHW,"""1,4087,32,128""",BOOL,ND,N/A,0.0,0,0.0,0.0,0.0,0.0,0.0,0.0,0.0,0.0,0.0,0.0,0.0,55.021,3961481,43.955,0.799,21.166,0.385,32.274,0.587,27.105,0.493,0.007,0.000
2,4294967295,65,46,aclnnAll_ReduceAll_ReduceAll,ReduceAll,dynamic,MIX_AIV,1783586360190179.320	,26.800,14745.449000,40,0,NO,"""1,4087,32,128;4""",BOOL;INT64,NCHW;ND,"""""",BOOL,ND,0,0.0,0,0.0,0.0,0.0,0.0,0.0,0.0,0.0,0.0,0.0,0.0,0.0,25.37,1826661,15.009,0.592,2.4,0.095,6.16,0.243,0.244,0.01,0.02,0.000
2,4294967295,66,46,aclnnInplaceCopy_CastAiCore_Cast,Cast,dynamic,AI_VECTOR_CORE,1783586360190765.352	,20.820,559.200000,40,0,NO,"""1,4087,32,128""",DT_BF16,NCHW,"""1,4087,32,128""",FLOAT,NCHW,N/A,0.0,0,0.0,0.0,0.0,0.0,0.0,0.0,0.0,0.0,0.0,0.0,0.0,19.468,1401694,4.285,0.22,1.6,0.082,7.683,0.395,18.197,0.935,0.0,0.000
2,4294967295,67,46,aclnnPowTensorScalar_PowsAiCore_Pows,Pows,dynamic,AI_VECTOR_CORE,1783586360192817.033	,39.720,2030.930000,40,0,NO,"""1,4087,32,128;""",FLOAT;FLOAT,NCHW;ND,"""1,4087,32,128""",FLOAT,ND,N/A,0.0,0,0.0,0.0,0.0,0.0,0.0,0.0,0.0,0.0,0.0,0.0,0.0,33.454,2408654,3.995,0.119,6.553,0.196,16.88,0.505,20.417,0.61,0.033,0.000
2,4294967295,68,46,aclnnMean_ReduceMeanAiCore_ReduceMean,ReduceMean,dynamic,MIX_AIV,1783586360193015.137	,33.200,158.530000,40,0,NO,"""1,4087,32,128;4""",FLOAT;INT64,NCHW;ND,"""""",FLOAT,ND,0,0.0,0,0.0,0.0,0.0,0.0,0.0,0.0,0.0,0.0,0.0,0.0,0.0,32.268,2323297,17.966,0.557,6.24,0.193,19.097,0.592,0.137,0.004,0.028,0.000
2,4294967295,69,46,aclnnInplaceFillScalar_FillAiCore_Fill,Fill,dynamic,AI_VECTOR_CORE,1783586360198189.840	,1.440,5141.300000,1,0,NO,"""1;""",INT64;FLOAT,ND;ND,"""1""",FLOAT,ND,N/A,0.0,0,0.0,0.0,0.0,0.0,0.0,0.0,0.0,0.0,0.0,0.0,0.0,0.936,1685,0.008,0.008,0.241,0.257,0.102,0.109,0.123,0.131,0.145,0.000
2,4294967295,70,46,aclnnDivs_BroadcastToAiCore_BroadcastTo,BroadcastTo,dynamic,AI_VECTOR_CORE,1783586360206850.373	,45.341,8659.060000,40,0,NO,"""1,1,1,1;4""",FLOAT;INT64,NCHW;ND,"""1,4087,32,128""",FLOAT,NCHW,N/A,0.0,0,0.0,0.0,0.0,0.0,0.0,0.0,0.0,0.0,0.0,0.0,0.0,42.796,3081344,4.038,0.094,0.951,0.022,0.099,0.002,39.323,0.919,0.03,0.000
2,4294967295,71,46,aclnnDivs_RealDivAiCore_RealDiv,RealDiv,dynamic,AI_VECTOR_CORE,1783586360208971.435	,37.221,2075.909000,40,0,NO,"""1,4087,32,128;""",FLOAT;FLOAT,NCHW;ND,"""1,4087,32,128""",FLOAT,ND,N/A,0.0,0,0.0,0.0,0.0,0.0,0.0,0.0,0.0,0.0,0.0,0.0,0.0,35.191,2533740,12.427,0.353,2.94,0.084,18.334,0.521,26.824,0.762,0.008,0.000
2,4294967295,72,46,aclnnPowTensorScalar_PowAiCore_Pow,Pow,dynamic,AI_VECTOR_CORE,1783586360211694.370	,480.469,2685.529000,40,0,NO,"""1,4087,32,128;""",FLOAT;FLOAT,NCHW;ND,"""1,4087,32,128""",FLOAT,ND,N/A,0.0,0,0.0,0.0,0.0,0.0,0.0,0.0,0.0,0.0,0.0,0.0,0.0,466.584,33594058,382.651,0.82,96.371,0.207,47.622,0.102,35.703,0.077,0.003,0.000
2,4294967295,73,46,aclnnMuls_MulAiCore_Mul,Mul,dynamic,AI_VECTOR_CORE,1783586360213864.533	,51.401,1689.781000,40,0,NO,"""1,4087,32,128;""",FLOAT;FLOAT,NCHW;ND,"""1,4087,32,128""",FLOAT,ND,N/A,0.0,0,0.0,0.0,0.0,0.0,0.0,0.0,0.0,0.0,0.0,0.0,0.0,47.937,3451468,4.655,0.097,2.679,0.056,34.997,0.73,38.697,0.807,0.009,0.000
2,4294967295,74,46,aclnnMul_MulAiCore_Mul,Mul,dynamic,AI_VECTOR_CORE,1783586360214020.916	,110.422,105.099000,40,0,NO,"""1,4087,32,128;1,4087,32,128""",FLOAT;FLOAT,NCHW;NCHW,"""1,4087,32,128""",FLOAT,ND,N/A,0.0,0,0.0,0.0,0.0,0.0,0.0,0.0,0.0,0.0,0.0,0.0,0.0,98.323,7079238,6.206,0.063,2.259,0.023,94.525,0.961,37.01,0.376,0.011,0.000
2,4294967295,75,46,aclnnInplaceCopy_CastAiCore_Cast,Cast,dynamic,AI_VECTOR_CORE,1783586360214137.319	,27.800,5.828000,40,0,NO,"""1,4087,32,128""",FLOAT,NCHW,"""1,4087,32,128""",DT_BF16,NCHW,N/A,0.0,0,0.0,0.0,0.0,0.0,0.0,0.0,0.0,0.0,0.0,0.0,0.0,26.377,1899109,5.012,0.19,1.041,0.039,22.84,0.866,17.066,0.647,0.017,0.000
2,4294967295,76,46,aclnnInplaceCopy_TransposeAiCore_Transpose,Transpose,dynamic,AI_VECTOR_CORE,1783586360214178.019	,12.241,12.950000,40,0,NO,"""4087,32;2""",FLOAT;INT64,NCL;ND,"""32,4087""",FLOAT,NCL,N/A,0.0,0,0.0,0.0,0.0,0.0,0.0,0.0,0.0,0.0,0.0,0.0,0.0,8.071,581077,0.202,0.025,1.67,0.207,2.161,0.268,0.743,0.092,0.148,0.000
2,4294967295,77,46,aclnnInplaceCopy_TransposeAiCore_Transpose,Transpose,dynamic,AI_VECTOR_CORE,1783586360214208.260	,17.800,18.009000,40,0,NO,"""4087,32;2""",DT_BF16;INT64,NCL;ND,"""32,4087""",DT_BF16,NCL,N/A,0.0,0,0.0,0.0,0.0,0.0,0.0,0.0,0.0,0.0,0.0,0.0,0.0,12.41,893486,0.152,0.012,2.827,0.228,1.671,0.135,0.479,0.039,0.103,0.000
2,4294967295,78,46,aclnnInplaceCopy_CastAiCore_Cast,Cast,dynamic,AI_VECTOR_CORE,1783586360214249.241	,8.460,23.200000,40,0,NO,"""1,32,4087""",DT_BF16,NCL,"""1,32,4087""",FLOAT,NCL,N/A,0.0,0,0.0,0.0,0.0,0.0,0.0,0.0,0.0,0.0,0.0,0.0,0.0,5.798,417465,0.051,0.009,0.167,0.029,1.116,0.193,0.618,0.107,0.186,0.000
2,4294967295,79,46,aclnnRecomputeWUFwd_RecomputeWUFwd_RecomputeWUFwd,RecomputeWUFwd,dynamic,MIX_AIC,1783586360214299.102	,247.525,41.290000,20,40,NO,"""1,32,4087,128;1,32,4087,128;1,32,4087;1,32,4087,64;1,32,4087;5;128""",DT_BF16;DT_BF16;FLOAT;DT_BF16;FLOAT;INT64;INT64,NCHW;NCHW;NCL;NCHW;NCL;ND;ND,"""16740352;16740352""",DT_BF16;DT_BF16,NCHW;NCHW,0,231.892,8348108,21.531,0.093,87.941,0.379,28.042,0.121,137.045,0.591,147.933,0.638,0.003,230.253,16578232,38.271,0.166,150.037,0.652,98.358,0.427,60.499,0.263,0.006,93.684
2,4294967295,80,46,aclnnInplaceCopy_TransposeAiCore_Transpose,Transpose,dynamic,AI_VECTOR_CORE,1783586360214785.692	,59.281,239.225000,40,0,NO,"""4087,32,128;3""",DT_BF16;INT64,NCHW;ND,"""32,4087,128""",DT_BF16,NCHW,N/A,0.0,0,0.0,0.0,0.0,0.0,0.0,0.0,0.0,0.0,0.0,0.0,0.0,52.181,3757030,1.989,0.038,24.507,0.47,26.771,0.513,9.687,0.186,0.018,0.000
2,4294967295,81,46,aclnnInplaceZero_ZerosLikeAiCore_ZerosLike,ZerosLike,dynamic,AI_VECTOR_CORE,1783586360214956.435	,34.721,111.469000,40,0,NO,"""1,32,64,128,128""",DT_BF16,NCDHW,"""1,32,64,128,128""",DT_BF16,NCDHW,N/A,0.0,0,0.0,0.0,0.0,0.0,0.0,0.0,0.0,0.0,0.0,0.0,0.0,31.633,2277604,18.305,0.579,2.549,0.081,0.001,0.0,26.352,0.833,0.014,0.000
2,4294967295,82,46,aclnnChunkGatedDeltaRuleFwdH_ChunkGatedDeltaRuleFwdH_ChunkGatedDeltaRuleFwdH,ChunkGatedDeltaRuleFwdH,dynamic,MIX_AIC,1783586360215194.460	,373.647,203.279000,20,40,NO,"""1,32,4087,128;1,32,4087,128;1,32,4087,128;1,32,4087;5;128""",DT_BF16;DT_BF16;DT_BF16;FLOAT;INT64;INT64,NCHW;NCHW;NCHW;NCL;ND;ND,"""33554432;16740352;1""",DT_BF16;DT_BF16;DT_BF16,NCDHW;NCHW;ND,0,327.668,11796039,35.161,0.107,270.18,0.825,41.6,0.127,111.902,0.342,183.936,0.561,0.005,327.383,23571547,85.654,0.262,215.585,0.659,106.531,0.325,60.756,0.186,0.007,87.694
2,4294967295,83,46,aclnnChunkBwdDvLocal_ChunkBwdDvLocal_ChunkBwdDvLocal,ChunkBwdDvLocal,dynamic,MIX_AIC,1783586360218079.937	,358.248,2511.853000,20,40,NO,"""1,32,4087,128;1,32,4087,128;1,32,4087,128;1,32,4087;8370176;5;128""",DT_BF16;DT_BF16;DT_BF16;FLOAT;DT_BF16;INT64;INT64,NCHW;NCHW;NCHW;NCL;NCHW;ND;ND,"""16740352""",DT_BF16,NCHW,0,286.158,10301696,21.618,0.076,194.469,0.68,27.304,0.095,97.134,0.339,135.78,0.474,0.003,285.103,20527426,40.223,0.141,73.725,0.259,57.02,0.2,14.901,0.052,0.002,79.877
2,4294967295,84,46,aclnnChunkGatedDeltaRuleBwdDhu_ChunkGatedDeltaRuleBwdDhu_ChunkGatedDeltaRuleBwdDhu,ChunkGatedDeltaRuleBwdDhu,dynamic,MIX_AIC,1783586360219056.457	,576.511,618.252000,20,40,NO,"""1,32,4087,128;1,32,4087,128;1,32,4087,128;1,32,4087,128;1,32,4087,128;1,32,4087;5;128""",DT_BF16;DT_BF16;DT_BF16;DT_BF16;DT_BF16;FLOAT;INT64;INT64,NCHW;NCHW;NCHW;NCHW;NCHW;NCL;ND;ND,"""1,32,64,128,128;;1,32,4087,128""",DT_BF16;DT_BF16;DT_BF16,NCDHW;ND;NCHW,0,514.644,18527168,51.04,0.099,102.276,0.199,46.193,0.09,173.508,0.337,83.89,0.163,0.006,515.319,37102970,167.768,0.326,284.555,0.552,126.507,0.245,59.202,0.115,0.008,89.269
2,4294967295,85,46,aclnnChunkBwdDqkwg_ChunkBwdDqkwg_ChunkBwdDqkwg,ChunkBwdDqkwg,dynamic,MIX_AIC,1783586360221130.398	,1086.482,1497.489000,20,40,NO,"""1,32,4087,128;1,32,4087,128;1,32,4087,128;1,32,4087;1,32,64,128,128;1,32,4087,128;1,32,64,128,128;1,32,4087,128;5;128""",DT_BF16;DT_BF16;DT_BF16;FLOAT;DT_BF16;DT_BF16;DT_BF16;DT_BF16;INT64;INT64,NCHW;NCHW;NCHW;NCL;NCDHW;NCHW;NCDHW;NCHW;ND;ND,"""16740352;16740352;16740352;130784""",DT_BF16;DT_BF16;DT_BF16;FLOAT,NCHW;NCHW;NCHW;NCL,0,1066.162,38381825,97.631,0.092,743.807,0.698,124.691,0.117,563.476,0.529,633.594,0.594,0.003,1065.219,76695794,436.032,0.409,586.893,0.551,296.087,0.278,112.451,0.106,0.005,98.130
2,4294967295,86,46,aclnnPrepareWyReprBwdDa_PrepareWyReprBwdDa_PrepareWyReprBwdDa,PrepareWyReprBwdDa,dynamic,MIX_AIC,1783586360222804.912	,429.648,588.018000,20,40,NO,"""1,32,4087,128;1,32,4087,128;1,32,4087;1,32,4087,64;1,32,4087,128;1,32,4087,128;1,32,4087;5;128""",DT_BF16;DT_BF16;FLOAT;DT_BF16;DT_BF16;DT_BF16;FLOAT;INT64;INT64,NCHW;NCHW;NCL;NCHW;NCHW;NCHW;NCL;ND;ND,"""8370176""",DT_BF16,NCHW,0,415.742,14966725,33.78,0.081,158.167,0.38,50.184,0.121,221.618,0.533,231.606,0.557,0.004,417.125,30033015,103.009,0.247,270.448,0.648,167.769,0.402,76.918,0.184,0.003,96.763
2,4294967295,87,46,aclnnPrepareWyReprBwdFull_PrepareWyReprBwdFull_PrepareWyReprBwdFull,PrepareWyReprBwdFull,dynamic,MIX_AIC,1783586360225000.376	,798.576,1765.852000,20,40,NO,"""1,32,4087,128;1,32,4087,128;1,32,4087;1,32,4087,64;1,32,4087,64;1,32,4087,128;1,32,4087,128;1,32,4087;5;128""",DT_BF16;DT_BF16;FLOAT;DT_BF16;DT_BF16;DT_BF16;DT_BF16;FLOAT;INT64;INT64,NCHW;NCHW;NCL;NCHW;NCHW;NCHW;NCHW;NCL;ND;ND,"""16740352;16740352;130784;130784""",DT_BF16;DT_BF16;FLOAT;FLOAT,NCHW;NCHW;NCL;NCL,0,640.271,23049769,54.044,0.084,337.709,0.527,67.273,0.105,178.119,0.278,110.848,0.173,0.006,641.945,46220016,481.221,0.75,336.112,0.524,212.811,0.332,92.338,0.144,0.002,80.177
2,4294967295,88,46,aclnnInplaceCopy_TransposeAiCore_Transpose,Transpose,dynamic,AI_VECTOR_CORE,1783586360225800.132	,13.020,1.174000,40,0,NO,"""32,4087;2""",FLOAT;INT64,NCL;ND,"""4087,32""",FLOAT,NCL,N/A,0.0,0,0.0,0.0,0.0,0.0,0.0,0.0,0.0,0.0,0.0,0.0,0.0,9.102,655364,0.113,0.012,1.643,0.18,2.88,0.316,0.877,0.096,0.189,0.000
2,4294967295,89,46,aclnnInplaceCopy_TransposeAiCore_Transpose,Transpose,dynamic,AI_VECTOR_CORE,1783586360225813.172	,10.580,0.000000,40,0,NO,"""32,4087;2""",FLOAT;INT64,NCL;ND,"""4087,32""",FLOAT,NCL,N/A,0.0,0,0.0,0.0,0.0,0.0,0.0,0.0,0.0,0.0,0.0,0.0,0.0,8.585,618137,0.113,0.013,1.667,0.194,6.297,0.733,0.62,0.072,0.004,0.000
2,4294967295,90,46,aclnnInplaceCopy_TransposeAiCore_Transpose,Transpose,dynamic,AI_VECTOR_CORE,1783586360225823.772	,10.140,0.000000,40,0,NO,"""32,4087;2""",FLOAT;INT64,NCL;ND,"""4087,32""",FLOAT,NCL,N/A,0.0,0,0.0,0.0,0.0,0.0,0.0,0.0,0.0,0.0,0.0,0.0,0.0,7.826,563501,0.113,0.014,1.562,0.2,5.618,0.718,0.64,0.082,0.0,0.000
2,4294967295,91,46,aclnnAdd_AddAiCore_Add,Add,dynamic,AI_VECTOR_CORE,1783586360229774.211	,63.661,3940.360000,40,0,NO,"""1,32,4087,128;1,32,4087,128""",DT_BF16;DT_BF16,NCHW;NCHW,"""1,32,4087,128""",DT_BF16,ND,N/A,0.0,0,0.0,0.0,0.0,0.0,0.0,0.0,0.0,0.0,0.0,0.0,0.0,55.203,3974645,23.803,0.431,3.504,0.063,50.782,0.92,11.666,0.211,0.008,0.000
2,4294967295,92,46,aclnnAdd_AddAiCore_Add,Add,dynamic,AI_VECTOR_CORE,1783586360232039.356	,6.780,2201.339000,40,0,NO,"""1,4087,32;1,4087,32""",FLOAT;FLOAT,NCL;NCL,"""1,4087,32""",FLOAT,ND,N/A,0.0,0,0.0,0.0,0.0,0.0,0.0,0.0,0.0,0.0,0.0,0.0,0.0,4.706,338848,0.071,0.015,0.175,0.037,1.32,0.281,0.262,0.056,0.228,0.000
2,4294967295,93,46,chunk_local_cumsum_scalar_kernel,chunk_local_cumsum_scalar_kernel,static,AI_VECTOR_CORE,1783586364483929.589	,15.420,4251883.470000,40,0,NO,"""1,4087,32;5;64,2""",FLOAT;INT8;INT64,ND;ND;ND,"""1,4087,32""",FLOAT,ND,N/A,0.0,0,0.0,0.0,0.0,0.0,0.0,0.0,0.0,0.0,0.0,0.0,0.0,5.085,366132,2.203,0.433,1.674,0.329,0.509,0.1,0.323,0.064,0.019,0.000
2,4294967295,94,46,l2norm_bwd_kernel,l2norm_bwd_kernel,static,AI_VECTOR_CORE,1783586368205396.904	,237.925,3721452.080000,40,0,YES,"""130784,128;1,32,4087;130784,128""",DT_BF16;FLOAT;DT_BF16,ND;ND;ND,"""130784,128""",DT_BF16,ND,N/A,0.0,0,0.0,0.0,0.0,0.0,0.0,0.0,0.0,0.0,0.0,0.0,0.0,103.924,7482518,94.495,0.909,20.153,0.194,43.322,0.417,22.983,0.221,0.002,0.000
2,4294967295,95,46,l2norm_bwd_kernel,l2norm_bwd_kernel,static,AI_VECTOR_CORE,1783586368205639.829	,161.943,4.825000,40,0,YES,"""130784,128;1,32,4087;130784,128""",DT_BF16;FLOAT;DT_BF16,ND;ND;ND,"""130784,128""",DT_BF16,ND,N/A,0.0,0,0.0,0.0,0.0,0.0,0.0,0.0,0.0,0.0,0.0,0.0,0.0,105.926,7626672,94.857,0.896,20.791,0.196,46.805,0.442,26.71,0.252,0.0,0.000
2,4294967295,96,46,aclnnInplaceCopy_CastAiCore_Cast,Cast,dynamic,AI_VECTOR_CORE,1783586368206121.798	,8.201,320.057000,40,0,NO,"""1,4087,32""",FLOAT,NCL,"""1,4087,32""",DT_BF16,NCL,N/A,0.0,0,0.0,0.0,0.0,0.0,0.0,0.0,0.0,0.0,0.0,0.0,0.0,4.74,341293,0.051,0.011,0.165,0.035,1.07,0.226,0.376,0.079,0.199,0.000
2,4294967295,97,46,aclnnInplaceCopy_CastAiCore_Cast,Cast,dynamic,AI_VECTOR_CORE,1783586368206223.860	,3.201,93.799000,40,0,NO,"""1,4087,32""",FLOAT,NCL,"""1,4087,32""",DT_BF16,NCL,N/A,0.0,0,0.0,0.0,0.0,0.0,0.0,0.0,0.0,0.0,0.0,0.0,0.0,1.283,92356,0.051,0.039,0.913,0.712,0.149,0.116,0.147,0.115,0.0,0.000
2,4294967295,98,46,aclnnInplaceCopy_CastAiCore_Cast,Cast,dynamic,AI_VECTOR_CORE,1783586368206733.231	,25.780,506.299000,40,0,NO,"""1,32,4087,128""",DT_BF16,NCHW,"""1,32,4087,128""",FLOAT,NCHW,N/A,0.0,0,0.0,0.0,0.0,0.0,0.0,0.0,0.0,0.0,0.0,0.0,0.0,24.244,1745562,4.291,0.177,1.108,0.046,10.284,0.424,19.275,0.795,0.019,0.000
2,4294967295,99,46,aclnnIsFinite_IsFiniteAiCore_IsFinite,IsFinite,dynamic,AI_VECTOR_CORE,1783586368206843.013	,58.641,83.970000,40,0,NO,"""1,32,4087,128""",FLOAT,NCHW,"""1,32,4087,128""",BOOL,ND,N/A,0.0,0,0.0,0.0,0.0,0.0,0.0,0.0,0.0,0.0,0.0,0.0,0.0,55.351,3985303,43.955,0.794,21.341,0.386,32.413,0.586,27.278,0.493,0.007,0.000
2,4294967295,100,46,aclnnAll_ReduceAll_ReduceAll,ReduceAll,dynamic,MIX_AIV,1783586368207052.777	,28.261,151.109000,40,0,NO,"""1,32,4087,128;4""",BOOL;INT64,NCHW;ND,"""""",BOOL,ND,0,0.0,0,0.0,0.0,0.0,0.0,0.0,0.0,0.0,0.0,0.0,0.0,0.0,26.961,1941174,15.009,0.557,2.983,0.111,5.379,0.199,0.384,0.014,0.021,0.000
2,4294967295,101,46,aclnnInplaceCopy_CastAiCore_Cast,Cast,dynamic,AI_VECTOR_CORE,1783586368207228.981	,21.280,147.989000,40,0,NO,"""1,32,4087,128""",DT_BF16,NCHW,"""1,32,4087,128""",FLOAT,NCHW,N/A,0.0,0,0.0,0.0,0.0,0.0,0.0,0.0,0.0,0.0,0.0,0.0,0.0,19.634,1413618,4.285,0.218,1.7,0.087,8.463,0.431,18.212,0.928,0.0,0.000
2,4294967295,102,46,aclnnLinalgVectorNorm_LpNormV2_LpNormV2,LpNormV2,dynamic,MIX_AIV,1783586368228422.624	,43.841,21172.220000,40,0,NO,"""1,32,4087,128""",FLOAT,NCHW,"""""",FLOAT,ND,0,0.0,0,0.0,0.0,0.0,0.0,0.0,0.0,0.0,0.0,0.0,0.0,0.0,41.278,2972003,22.385,0.542,5.922,0.143,20.992,0.509,0.128,0.003,0.024,0.000
2,4294967295,103,46,aclnnInplaceCopy_CastAiCore_Cast,Cast,dynamic,AI_VECTOR_CORE,1783586368229134.838	,21.301,668.409000,40,0,NO,"""1,32,4087,128""",DT_BF16,NCHW,"""1,32,4087,128""",FLOAT,NCHW,N/A,0.0,0,0.0,0.0,0.0,0.0,0.0,0.0,0.0,0.0,0.0,0.0,0.0,19.418,1398075,4.285,0.221,1.677,0.086,7.634,0.393,18.102,0.932,0.0,0.000
2,4294967295,104,46,aclnnIsFinite_IsFiniteAiCore_IsFinite,IsFinite,dynamic,AI_VECTOR_CORE,1783586368229156.999	,51.681,0.949000,40,0,NO,"""1,32,4087,128""",FLOAT,NCHW,"""1,32,4087,128""",BOOL,ND,N/A,0.0,0,0.0,0.0,0.0,0.0,0.0,0.0,0.0,0.0,0.0,0.0,0.0,49.714,3579415,43.945,0.884,20.89,0.42,31.435,0.632,20.92,0.421,0.002,0.000
2,4294967295,105,46,aclnnAll_ReduceAll_ReduceAll,ReduceAll,dynamic,MIX_AIV,1783586368229269.801	,22.100,61.069000,40,0,NO,"""1,32,4087,128;4""",BOOL;INT64,NCHW;ND,"""""",BOOL,ND,0,0.0,0,0.0,0.0,0.0,0.0,0.0,0.0,0.0,0.0,0.0,0.0,0.0,21.01,1512696,15.009,0.714,4.42,0.21,5.232,0.249,0.245,0.012,0.003,0.000
2,4294967295,106,46,aclnnInplaceCopy_CastAiCore_Cast,Cast,dynamic,AI_VECTOR_CORE,1783586368229482.125	,20.721,190.150000,40,0,NO,"""1,32,4087,128""",DT_BF16,NCHW,"""1,32,4087,128""",FLOAT,NCHW,N/A,0.0,0,0.0,0.0,0.0,0.0,0.0,0.0,0.0,0.0,0.0,0.0,0.0,19.399,1396763,4.285,0.221,1.536,0.079,7.732,0.399,18.162,0.936,0.0,0.000
2,4294967295,107,46,aclnnLinalgVectorNorm_LpNormV2_LpNormV2,LpNormV2,dynamic,MIX_AIV,1783586368229564.927	,31.960,62.279000,40,0,NO,"""1,32,4087,128""",FLOAT,NCHW,"""""",FLOAT,ND,0,0.0,0,0.0,0.0,0.0,0.0,0.0,0.0,0.0,0.0,0.0,0.0,0.0,30.894,2224345,22.385,0.725,9.111,0.295,17.156,0.555,0.248,0.008,0.003,0.000
2,4294967295,108,46,aclnnInplaceCopy_CastAiCore_Cast,Cast,dynamic,AI_VECTOR_CORE,1783586368229805.112	,53.941,208.040000,40,0,NO,"""1,32,4087,128""",DT_BF16,NCHW,"""1,32,4087,128""",FLOAT,NCHW,N/A,0.0,0,0.0,0.0,0.0,0.0,0.0,0.0,0.0,0.0,0.0,0.0,0.0,51.891,3736149,4.285,0.083,1.701,0.033,50.449,0.972,24.354,0.469,0.0,0.000
2,4294967295,109,46,aclnnIsFinite_IsFiniteAiCore_IsFinite,IsFinite,dynamic,AI_VECTOR_CORE,1783586368229859.073	,54.681,0.059000,40,0,NO,"""1,32,4087,128""",FLOAT,NCHW,"""1,32,4087,128""",BOOL,ND,N/A,0.0,0,0.0,0.0,0.0,0.0,0.0,0.0,0.0,0.0,0.0,0.0,0.0,51.614,3716237,43.945,0.851,20.79,0.403,32.487,0.629,21.917,0.425,0.001,0.000
2,4294967295,110,46,aclnnAll_ReduceAll_ReduceAll,ReduceAll,dynamic,MIX_AIV,1783586368229914.694	,23.700,1.069000,40,0,NO,"""1,32,4087,128;4""",BOOL;INT64,NCHW;ND,"""""",BOOL,ND,0,0.0,0,0.0,0.0,0.0,0.0,0.0,0.0,0.0,0.0,0.0,0.0,0.0,22.699,1634316,15.009,0.661,4.866,0.214,5.744,0.253,0.151,0.007,0.006,0.000
2,4294967295,111,46,aclnnInplaceCopy_CastAiCore_Cast,Cast,dynamic,AI_VECTOR_CORE,1783586368230158.479	,20.800,220.050000,40,0,NO,"""1,32,4087,128""",DT_BF16,NCHW,"""1,32,4087,128""",FLOAT,NCHW,N/A,0.0,0,0.0,0.0,0.0,0.0,0.0,0.0,0.0,0.0,0.0,0.0,0.0,19.386,1395764,4.285,0.221,1.559,0.08,7.717,0.398,18.142,0.936,0.0,0.000
2,4294967295,112,46,aclnnLinalgVectorNorm_LpNormV2_LpNormV2,LpNormV2,dynamic,MIX_AIV,1783586368230212.640	,37.701,33.450000,40,0,NO,"""1,32,4087,128""",FLOAT,NCHW,"""""",FLOAT,ND,0,0.0,0,0.0,0.0,0.0,0.0,0.0,0.0,0.0,0.0,0.0,0.0,0.0,36.656,2639224,22.385,0.611,9.038,0.247,23.801,0.649,0.586,0.016,0.005,0.000
2,4294967295,113,46,aclnnInplaceCopy_CastAiCore_Cast,Cast,dynamic,AI_VECTOR_CORE,1783586368230578.007	,8.180,327.549000,40,0,NO,"""1,4087,32""",DT_BF16,NCL,"""1,4087,32""",FLOAT,NCL,N/A,0.0,0,0.0,0.0,0.0,0.0,0.0,0.0,0.0,0.0,0.0,0.0,0.0,5.326,383496,0.051,0.01,0.175,0.033,0.715,0.134,0.831,0.156,0.152,0.000
2,4294967295,114,46,aclnnIsFinite_IsFiniteAiCore_IsFinite,IsFinite,dynamic,AI_VECTOR_CORE,1783586368230628.028	,5.120,41.820000,40,0,NO,"""1,4087,32""",FLOAT,NCL,"""1,4087,32""",BOOL,ND,N/A,0.0,0,0.0,0.0,0.0,0.0,0.0,0.0,0.0,0.0,0.0,0.0,0.0,3.211,231173,0.378,0.118,0.768,0.239,0.668,0.208,0.324,0.101,0.032,0.000
2,4294967295,115,46,aclnnAll_ReduceAll_ReduceAll,ReduceAll,dynamic,MIX_AIV,1783586368230714.090	,8.460,80.880000,40,0,NO,"""1,4087,32;3""",BOOL;INT64,NCL;ND,"""""",BOOL,ND,0,0.0,0,0.0,0.0,0.0,0.0,0.0,0.0,0.0,0.0,0.0,0.0,0.0,7.355,529564,0.543,0.074,2.891,0.393,0.957,0.13,0.161,0.022,0.055,0.000
2,4294967295,116,46,aclnnInplaceCopy_CastAiCore_Cast,Cast,dynamic,AI_VECTOR_CORE,1783586368230853.073	,2.900,130.540000,40,0,NO,"""1,4087,32""",DT_BF16,NCL,"""1,4087,32""",FLOAT,NCL,N/A,0.0,0,0.0,0.0,0.0,0.0,0.0,0.0,0.0,0.0,0.0,0.0,0.0,1.335,96102,0.051,0.038,0.875,0.655,0.18,0.135,0.203,0.152,0.0,0.000
2,4294967295,117,46,aclnnLinalgVectorNorm_LpNormV2_LpNormV2,LpNormV2,dynamic,MIX_AIV,1783586368231057.097	,13.740,201.100000,40,0,NO,"""1,4087,32""",FLOAT,NCL,"""""",FLOAT,ND,0,0.0,0,0.0,0.0,0.0,0.0,0.0,0.0,0.0,0.0,0.0,0.0,0.0,11.912,857662,0.461,0.039,1.137,0.095,1.19,0.1,0.122,0.01,0.215,0.000
2,4294967295,118,46,aclnnInplaceCopy_CastAiCore_Cast,Cast,dynamic,AI_VECTOR_CORE,1783586368231232.960	,2.660,162.260000,40,0,NO,"""1,4087,32""",DT_BF16,NCL,"""1,4087,32""",FLOAT,NCL,N/A,0.0,0,0.0,0.0,0.0,0.0,0.0,0.0,0.0,0.0,0.0,0.0,0.0,1.232,88719,0.051,0.041,0.753,0.611,0.18,0.146,0.218,0.177,0.0,0.000
2,4294967295,119,46,aclnnIsFinite_IsFiniteAiCore_IsFinite,IsFinite,dynamic,AI_VECTOR_CORE,1783586368231253.481	,6.320,17.840000,40,0,NO,"""1,4087,32""",FLOAT,NCL,"""1,4087,32""",BOOL,ND,N/A,0.0,0,0.0,0.0,0.0,0.0,0.0,0.0,0.0,0.0,0.0,0.0,0.0,3.698,266278,0.378,0.102,0.804,0.217,0.729,0.197,0.359,0.097,0.061,0.000
2,4294967295,120,46,aclnnAll_ReduceAll_ReduceAll,ReduceAll,dynamic,MIX_AIV,1783586368231278.061	,8.900,18.180000,40,0,NO,"""1,4087,32;3""",BOOL;INT64,NCL;ND,"""""",BOOL,ND,0,0.0,0,0.0,0.0,0.0,0.0,0.0,0.0,0.0,0.0,0.0,0.0,0.0,7.892,568233,0.543,0.069,2.948,0.373,1.257,0.159,0.135,0.017,0.069,0.000
2,4294967295,121,46,aclnnInplaceCopy_CastAiCore_Cast,Cast,dynamic,AI_VECTOR_CORE,1783586368231384.823	,2.920,97.850000,40,0,NO,"""1,4087,32""",DT_BF16,NCL,"""1,4087,32""",FLOAT,NCL,N/A,0.0,0,0.0,0.0,0.0,0.0,0.0,0.0,0.0,0.0,0.0,0.0,0.0,1.306,94012,0.051,0.039,0.878,0.673,0.151,0.116,0.197,0.151,0.0,0.000
2,4294967295,122,46,aclnnLinalgVectorNorm_LpNormV2_LpNormV2,LpNormV2,dynamic,MIX_AIV,1783586368231435.104	,11.540,47.330000,40,0,NO,"""1,4087,32""",FLOAT,NCL,"""""",FLOAT,ND,0,0.0,0,0.0,0.0,0.0,0.0,0.0,0.0,0.0,0.0,0.0,0.0,0.0,10.469,753773,0.461,0.044,0.922,0.088,3.843,0.367,0.117,0.011,0.042,0.000
